{
  "1": {"diameter": 13.789724874301163, "min_x": -10.76959, "min_y": -3.1242, "min_z": -3.200374, "size_x": 13.563603, "size_y": 6.2484, "size_z": 6.400743}
}